Till code	Description	Printed	Format code	Description format	No. of labels	Validity date
5000328375373	WALKERS CHEESE & ONION 6PK| 25GRM	TRUE	106	ELECTRONIC LABEL	1	19/02/26
5000159523752	MALTESERS LARGE BOX| 310GRM	TRUE	106	ELECTRONIC LABEL	1	19/02/26
5000159533546	MALTESERS BOX| 110GRM	TRUE	106	ELECTRONIC LABEL	1	19/02/26
7622201693688	TOBLERONE TRUFFLES CARTON |180 GRM	TRUE	106	ELECTRONIC LABEL	1	19/02/26
7622202237713	TOBLERONE TRUFFLES ASSORTED BOX| 180GRM	TRUE	106	ELECTRONIC LABEL	1	19/02/26
7622202286803	TOBLERONE GOLDEN CARAMEL BAR | 340GRM	TRUE	106	ELECTRONIC LABEL	1	19/02/26
7622202287336	TOBLERONE WHITE CHOCOLATE BAR | 340GRM	TRUE	106	ELECTRONIC LABEL	1	19/02/26
7622202287510	TOBLERONE MILK CHOCOLATE BAR | 340GRM	TRUE	106	ELECTRONIC LABEL	1	19/02/26
7622202332708	TOBLERONE GOLDEN CARAMEL TRUFFLES  | 180GRM	TRUE	106	ELECTRONIC LABEL	1	19/02/26
7622210959850	CADBURY ROSES CARTON|290GRM	TRUE	106	ELECTRONIC LABEL	1	19/02/26
7622210959874	CADBURY HEROES CARTON|290GRM	TRUE	106	ELECTRONIC LABEL	1	19/02/26
8003340809304	LINDT LINDOR MILK CHOC TRUFFLES | 137GRM	TRUE	106	ELECTRONIC LABEL	1	19/02/26
8003340809311	LINDT LINDOR ASSORTED CHOC TRUFFLES | 137GRM	TRUE	106	ELECTRONIC LABEL	1	19/02/26
8593893776081	BLACK MAGIC MEDIUM BOX | 348GRM	TRUE	106	ELECTRONIC LABEL	1	19/02/26
8000500009673	FERRERO ROCHER| 300GRM	TRUE	106	ELECTRONIC LABEL	1	19/02/26
8000500037874	FERRERO ROCHER [T16| 200GRM	TRUE	106	ELECTRONIC LABEL	1	19/02/26
8445291082007	DAIRY BOX CHOCOLATES CARTON | 322GRM	TRUE	106	ELECTRONIC LABEL	1	19/02/26
4008400183022	FERRERO RAFFAELLO T23| 230GRM	TRUE	106	ELECTRONIC LABEL	1	19/02/26
8000500247150	FERRERO ROCHER COLLECTION T15| 172GRM	TRUE	106	ELECTRONIC LABEL	1	19/02/26
3582274201019	CHAMPAGNE PIERRE DARCYS BRUT NV| 75CL	TRUE	106	ELECTRONIC LABEL	1	19/02/26
5099873089798	JACK DANIEL'S TENNESSEE WHISKEY | 70CL	TRUE	106	ELECTRONIC LABEL	1	19/02/26
5011007003548	JAMESON CRESTED |70CL	TRUE	106	ELECTRONIC LABEL	1	19/02/26
5099839316340	2 LEMONS AND 1 LIME| 3PCE	TRUE	106	ELECTRONIC LABEL	1	19/02/26
5099839284694	CENTRA GRANNY SMITH APPLE TRAY| 4PCE	TRUE	106	ELECTRONIC LABEL	1	19/02/26
5099839317002	CT PLUM PUNNET  | 500GRM	TRUE	106	ELECTRONIC LABEL	1	19/02/26
5390248005536	KEOGHS EASY COOK ROOSTER| 1KGM	TRUE	106	ELECTRONIC LABEL	1	19/02/26
5099839670725	CENTRA BAG CARROTS [IRISH]| 850GRM	TRUE	106	ELECTRONIC LABEL	1	19/02/26
5099839736148	CENTRA ONIONS NET | 600GRM	TRUE	106	ELECTRONIC LABEL	1	19/02/26
5099839090219	CT CHERRY TOMATOES PUNNET| 250GRM	TRUE	106	ELECTRONIC LABEL	1	19/02/26
5099839302954	INSPIRED PICCOLO TOMATOES [IMPORT | 250GRM	TRUE	106	ELECTRONIC LABEL	1	19/02/26
5099459760240	SIL DUCK BREAST FILLETS PROMO|400GRM	TRUE	106	ELECTRONIC LABEL	1	19/02/26
5099839620539	CENTRA SALMON DARNES| 200GRM	TRUE	106	ELECTRONIC LABEL	1	19/02/26
5011050067375	SUPERQUINN PORK SAUSAGE 6PK | 240GRM	TRUE	106	ELECTRONIC LABEL	1	19/02/26
50500505	SWIZZ MEGA DBL LOLS TWIST WRAP | 32GRM	TRUE	106	ELECTRONIC LABEL	1	19/02/26
5000328375618	WALKERS SALT & VINEGAR 6PK| 25GRM	TRUE	106	ELECTRONIC LABEL	1	19/02/26
5000328376677	WALKERS READY SALTED 6PK| 25GRM	TRUE	106	ELECTRONIC LABEL	1	19/02/26
5000328014746	WALKERS MUNCH PICKLED ONION 6PK| 22GRM	TRUE	106	ELECTRONIC LABEL	1	19/02/26
5053990127641	PRINGLES CHEESE & ONION |165 GRM	TRUE	106	ELECTRONIC LABEL	1	19/02/26
5053990127726	PRINGLES ORIGINAL| 165GRM	TRUE	106	ELECTRONIC LABEL	1	19/02/26
5053990127733	PRINGLES SALT & VINEGAR |165 GRM	TRUE	106	ELECTRONIC LABEL	1	19/02/26
5053990158034	PRINGLES PRAWN COCKTAIL |165 GRM	TRUE	106	ELECTRONIC LABEL	1	19/02/26
5053990161669	PRINGLES PAPRIKA |165 GRM	TRUE	106	ELECTRONIC LABEL	1	19/02/26
5053990161966	PRINGLES BBQ |165GRM	TRUE	106	ELECTRONIC LABEL	1	19/02/26
5053990167197	PRINGLES BACON |165 GRM	TRUE	106	ELECTRONIC LABEL	1	19/02/26
5053990179039	PRINGLES SOUR CREAM & ONION CRISPS | 165GRM	TRUE	106	ELECTRONIC LABEL	1	19/02/26
5053990182947	PRINGLES FLAME GRILL STEAK | 165GRM	TRUE	106	ELECTRONIC LABEL	1	19/02/26
5000112666700	SPRITE ZERO BOTTLE | 2LTR	TRUE	106	ELECTRONIC LABEL	1	19/02/26
5000112627244	COCA COLA CAN 4 PACK | 330MLS	TRUE	106	ELECTRONIC LABEL	1	19/02/26
5000112631388	COCA COLA ZERO CAN 4 PACK | 330MLS	TRUE	106	ELECTRONIC LABEL	1	19/02/26
5000112635683	COCA COLA ZERO CAFFEINE CAN 4 PACK | 330MLS	TRUE	106	ELECTRONIC LABEL	1	19/02/26
5000112637847	FANTA ORANGE BOTTLE | 1.75L	TRUE	106	ELECTRONIC LABEL	1	19/02/26
5000112662672	FANTA LEMON BOTTLE| 1.75LTR	TRUE	106	ELECTRONIC LABEL	1	19/02/26
5000112665963	FANTA ORANGE ZERO| 1.75LTR	TRUE	106	ELECTRONIC LABEL	1	19/02/26
5000112638578	FANTA ORANGE CAN 4 PACK| 330MLS	TRUE	106	ELECTRONIC LABEL	1	19/02/26
5000112666595	SPRITE ZERO SUGAR CAN 4 PACK| 330MLS	TRUE	106	ELECTRONIC LABEL	1	19/02/26
5000112681734	DIET COKE CANS 4 PACK | 330MLS	TRUE	106	ELECTRONIC LABEL	1	19/02/26
5099589220386	BEWLEYS GOLD BLEND TEA 80S| 250GRM	TRUE	106	ELECTRONIC LABEL	1	19/02/26
5000158066540	LEMSIP MAX COUGH & COLD | 5PCE	TRUE	106	ELECTRONIC LABEL	1	19/02/26
3367770011597	RASTEAU CELLIER DE MONTERAIL| 75CL	TRUE	106	ELECTRONIC LABEL	1	19/02/26
3245990043317	HENNESSY VERY SPECIAL GIFT BOX | 70CL	TRUE	106	ELECTRONIC LABEL	1	19/02/26
3245991694914	HENNESSY VERY SPECIAL COGNAC| 70CL	TRUE	106	ELECTRONIC LABEL	1	19/02/26
5000289929417	GORDONS PINK GIN |70CL	TRUE	106	ELECTRONIC LABEL	1	19/02/26
5099839732843	CENTRA STRAWBERRY | 325GRM	TRUE	106	ELECTRONIC LABEL	1	19/02/26
53994356	KEELINGS FAMILY PK STRAWBERRIES[CT | 325GRM	TRUE	106	ELECTRONIC LABEL	1	19/02/26
5099839575112	CENTRA PEPPERS| 2PCE	TRUE	106	ELECTRONIC LABEL	1	19/02/26
3280220506972	FLORETTE BABY LEAF SALAD| 100GRM	TRUE	106	ELECTRONIC LABEL	1	19/02/26
5099839664151	CT SMOKED SALMON| 150GRM	TRUE	106	ELECTRONIC LABEL	1	19/02/26
5011069162269	DENNY PORK ONION & TOMATO | 90GRM	TRUE	106	ELECTRONIC LABEL	1	19/02/26
5099120003034	KEARNS PORK SAUSAGES| 227GRM	TRUE	106	ELECTRONIC LABEL	1	19/02/26
