Till code,Description,Retail Price,SKU,Units,Validity date
5000112665932,FANTA ZERO ORANGE BOTTLE| 500MLS,2.45,500,Millilitre,26/03/26
5000112665680,SCHWEPPES PINK G/FRUIT & ORANGE CAN | 330MLS,2.2,330,Millilitre,26/03/26
5000112688771,POWERADE CHERRY SPORTS DRINK BOTTLE | 500MLS,2.3,500,Millilitre,26/03/26
5000112666960,OASIS ZERO SUMMER FRUITS BOTTLE | 500MLS,2.9,500,Millilitre,26/03/26
5000112666984,OASIS ZERO CITRUS PUNCH BOTTLE | 500MLS,2.9,500,Millilitre,26/03/26
5011020104833,RIVER ROCK VITAL GUAVA LIME & G TEA | 450MLS,2.65,450,Millilitre,26/03/26
5011020104840,RR VITAL MANGO PFRUIT | 450ML,2.7,450,Millilitre,26/03/26
5011020104864,RIVER ROCK VITAL PEAR REDCURRANT | 450MLS,2.7,450,Millilitre,26/03/26
5011020104871,DEEP RIVER ROCK APPLE & PEAR STILL | 750MLS,2.9,750,Millilitre,26/03/26
5011020104901,RIVER ROCK TROPICAL FRUIT SPORTS | 750ML,2.9,750,Millilitre,26/03/26
5011020105038,RIVER ROCK VITAL PINEAPPLE YUZU COF | 450MLS,2.65,450,Millilitre,26/03/26
5011020105045,DEEP RIVER ROCK APRICOT STILL WATER | 750MLS,2.9,750,Millilitre,26/03/26
5011020104727,DEEP RIVER ROCK STILL WATER| 500MLS,1.8,500,Millilitre,26/03/26
5000328026282,DORITOS EXTRA FLAMIN HOT | 163GRM,2.5,163,Grams,26/03/26
5000328030333,DORITOS CHILLI HEATWAVE| 140GRM,2.5,140,Grams,26/03/26
5000328030340,DORITOS COOL ORIGINAL| 140GRM,2.5,140,Grams,26/03/26
5000328030357,DORITOS TANGY CHEESE | 140GRM,2.5,140,Grams,26/03/26
5000112641165,FANTA ORANGE CAN 12 PACK | 330MLS,14,330,Millilitre,26/03/26
5000112665901,FANTA ZERO ORANGE CAN 12 PACK| 330MLS,13.5,330,Millilitre,26/03/26
5000112666649,SPRITE ZERO SUGAR CAN 12 PCK | 330ML,14.35,330,Millilitre,26/03/26
5054267010710,LUCOZADE ENERGY ORANGE| 900MLS,2,900,Millilitre,26/03/26
5054267010727,LUCOZADE ENERGY ORIGINAL| 900MLS,2,900,Millilitre,26/03/26
5054267010819,LUCOZADE ZERO PINK LEMONADE| 900MLS,2,900,Millilitre,26/03/26
5000354907661,PAXO SAGE & ONION GLUTEN FREE|150GRM,3,150,Grams,26/03/26
5000158067882,GAVISCON EXTRA LIQUID PEPPERMINT|150MLS,10.3,150,Millilitre,26/03/26
5000158067899,GAVISCON EXTRA PEPPERMINT LIQUID|300MLS,15,300,Millilitre,26/03/26
4005808430208,NIVEA SUN LOTION F50+| 200MLS,9.9,200,Millilitre,26/03/26
4005808478941,NIVEA AFTER SUN SOOTHER | 200MLS,6.6,200,Millilitre,26/03/26
5010038468166,MILLER GENUINE DRAFT BOTTLE 12 PACK | 330MLS,16,330,Millilitre,26/03/26
7804330006915,SANTA RITA 120 MALBEC| 75 CL,13,75,Centilitre,26/03/26
5011007003005,JAMESON | 70CL,26,70,Centilitre,26/03/26
5011007012151,HUZZAR VODKA | 70CL,21,70,Centilitre,26/03/26
5099839724299,CENTRA NET ORANGE |5PCE,1,5,Unit,26/03/26
5099839316340,2 LEMONS AND 1 LIME| 3PCE,1,3,Unit,26/03/26
5099839624179,CT PINEAPPLE KIWI & GRAPE POT | 170GRM,2,170,Grams,26/03/26
5099839624186,CT PINEAPPLE CHUNKS | 170GRM,2,170,Grams,26/03/26
5099839624193,CT MELON AND GRAPE POT | 170GRM,2,170,Grams,26/03/26
5099839624209,CT FRUIT SALAD | 170GRM,2,170,Grams,26/03/26
5099839253287,CT ROOSTERS CARRYPACK| 5KGM,7.29,5,Kilos,26/03/26
5390248005536,KEOGHS EASY COOK ROOSTER| 1KGM,1.99,1,Kilos,26/03/26
5099839316852,CENTRA BROCCOLI CROWN | 350GRM,1,350,Grams,26/03/26
5099839314957,CT PARSNIP TRAY | 500GRM,1,500,Grams,26/03/26
5099839736148,CENTRA ONIONS NET | 600GRM,1,600,Grams,26/03/26
5099839642371,CENTRA QTR POUNDERS GF 4'S| 454GRM,4.5,454,Grams,26/03/26
5099839634796,CT IRISH EXTRA LEAN STEAK MINCE PRO | 300GRM,5.5,300,Grams,26/03/26
5099839657511,IBC IRISH HFORD PR BEEF STEAK MINCE | 400GRM,5,400,Grams,26/03/26
5099839753442,CENTRA IRISH WHOLE CHICKEN PROMO | 1.5KGM,5,1.5,Kilos,26/03/26
5099839256370,CT CHEDDAR CHEESE RED| 200GRM,2.29,200,Grams,26/03/26
5099839605536,CENTRA MEDIUM RED| 400GRM,3.75,400,Grams,26/03/26
5099839256363,CT CHEDDAR CHEESE WHITE| 200GRM,2.29,200,Grams,26/03/26
5099839287633,CENTRA MEDIUM RED CHEDDAR GRATED | 200GRM,2.29,200,Grams,26/03/26
5099839324161,CT MOZZARELLA & CHEDDAR GRATED | 200GRM,2.29,200,Grams,26/03/26
5099839367878,CENTRA MEDIUM WHITE GRATE| 200GRM,2.29,200,Grams,26/03/26
5099839605543,CENTRA MATURE RED GRATED| 200GRM,2.29,200,Grams,26/03/26
5099839614088,CENTRA GRATED MOZZARELLA |200GRM,2.29,200,Grams,26/03/26
5099839287626,CENTRA RED CHEDDAR SLICES| 180GRM,2.29,180,Grams,26/03/26
5099839367861,CENTRA MEDIUM WHITE SLICE| 180GRM,2.29,180,Grams,26/03/26
5099839367885,CENTRA LIGHT RED SLICE| 180GRM,2.29,180,Grams,26/03/26
5099839605550,CENTRA MATURE RED SLICE| 180GRM,2.29,180,Grams,26/03/26
5099839326011,CENTRA SPANISH MEAT SELECTION|200GRM,5.19,200,Grams,26/03/26
5099839581137,SIGNATURE RIOJAN CHORIZO CULAR | 200GRM,3.25,200,Grams,26/03/26
5099839589249,CENTRA SERRANO HAM | 100GRM,2.89,100,Grams,26/03/26
5099839589263,CENTRA CHORIZO PAMPLONA | 100GRM,2.55,100,Grams,26/03/26
5099839589270,CENTRA SALAMI | 100GRM,2.55,100,Grams,26/03/26
5099839589355,CT SPICY CHORIZO SAUSAGE| 200GRM,3.69,200,Grams,26/03/26
5391520188749,G/FELLAS T/AWAY BIG CHEESE &DIP|555GRM,3.5,555,Grams,26/03/26
5391527000167,GOODFELLA'S T/A PEPPERONI PIZZA| 524GRM,3.5,524,Grams,26/03/26
